[{
  "_id": {
    "$oid": "6622333d9f892e75dbfd768a"
  },
  "name": "Ram",
  "age": 40,
  "email": "ram@gmail.com"
},
{
  "_id": {
    "$oid": "6622333d9f892e75dbfd768b"
  },
  "name": "Shyam",
  "age": 22,
  "email": "shyam@gmail.com"
},
{
  "_id": {
    "$oid": "6622340e9f892e75dbfd768e"
  },
  "name": "Mohan",
  "age": 24,
  "email": "mohan@gmail.com"
},
{
  "_id": {
    "$oid": "6622340e9f892e75dbfd768f"
  },
  "name": "Sohan",
  "age": 29,
  "email": "sohan@gmail.com"
},
{
  "_id": {
    "$oid": "6622340e9f892e75dbfd7690"
  },
  "name": "Pinku",
  "age": 27,
  "email": "pinku@pinku.com"
},
{
  "_id": {
    "$oid": "6622340e9f892e75dbfd7691"
  },
  "name": "Tinku",
  "age": 16,
  "email": "tinku@gmail.com"
},
{
  "_id": {
    "$oid": "6622340e9f892e75dbfd7692"
  },
  "name": "Sonu",
  "age": 22,
  "email": "sonu@gmail.com"
},
{
  "_id": {
    "$oid": "6622340e9f892e75dbfd7693"
  },
  "name": "Tinku",
  "age": 25,
  "email": "tinku@pinku.com"
},
{
  "_id": {
    "$oid": "6622340e9f892e75dbfd7694"
  },
  "name": "Charan",
  "age": 26,
  "email": "charanan@gmail.com"
}]